id,site,gender,length (mm),weight (g)
1,DGB2016,F,39.0,17.0
2,DGB2016,F,37.0,15.4
3,DGB2016,F,42.0,19.5
4,DGB2016,F,38.0,14.1
5,DGB2016,F,35.0,10.9
6,DGB2016,M,56.0,55.8
7,DGB2016,F,31.0,8.5
8,DGB2016,F,24.0,4.1
9,DGB2016,M,27.0,5.1
10,DGB2016,F,27.0,5.2
11,DGB2016,F,25.0,3.4
12,DGB2016,M,25.0,3.9
13,DGB2016,F,22.0,3.1
14,DGB2016,F,24.0,3.7
15,DGB2016,F,18.0,1.1
16,DGB2016,M,31.0,6.3
17,DGB2016,M,29.0,6.1
18,DGB2016,F,24.0,4.2
19,DGB2016,M,37.0,16.0
20,DGB2016,M,30.0,6.9
21,DGB2016,M,27.0,6.3
22,DGB2016,F,27.0,5.6
23,DGB2016,F,24.0,3.3
24,DGB2016,M,23.0,2.7
25,DGB2016,F,16.0,1.0
26,DGB2016,M,17.0,1.3
27,DGB2016,F,16.0,1.1
28,DGB2016,F,18.0,1.4
29,DGB2016,M,15.0,0.7
30,DGB2016,M,19.0,1.7
31,DGB2016,F,18.0,1.2
32,DGB2016,F,29.0,7.2
33,DGB2016,M,30.0,7.1
34,DGB2016,F,24.0,3.7
35,DGB2016,M,21.0,2.7
36,DGB2016,M,17.0,1.3
37,DGB2016,M,26.0,4.3
38,DGB2016,F,23.0,3.3
39,DGB2016,M,25.0,4.0
40,DGB2016,F,25.0,4.1
41,DGB2016,M,21.0,3.2
42,DGB2016,M,18.0,1.6
43,DGB2016,M,26.0,4.0
44,DGB2016,M,26.0,4.9
45,DGB2016,M,24.0,3.6
46,DGB2016,M,18.0,1.5
47,DGB2016,F,19.0,1.6
48,DGB2016,M,18.0,1.5
49,DGB2016,F,18.0,1.6
50,DGB2016,F,17.0,1.6
51,DGB2016,F,15.0,0.8
52,DGB2016,M,16.0,1.1
53,DGB2016,F,18.0,1.6
54,DGB2016,M,21.0,2.2
55,DGB2016,M,16.0,0.9
56,DGB2016,F,20.0,1.8
57,DGB2016,F,15.0,0.8
58,DGB2016,M,15.0,0.8
59,DGB2016,M,18.0,1.2
60,DGB2016,M,15.0,0.9
61,DGB2016,F,16.0,1.0
62,DGB2016,M,14.0,0.6
63,DGB2016,F,15.0,0.8
64,DGB2016,M,16.0,0.9
65,DGB2016,M,15.0,0.8
66,DGB2016,M,25.0,4.8
67,DGB2016,F,38.0,14.8
68,DGB2016,M,36.0,10.8
69,DGB2016,M,31.0,7.4
70,DGB2016,F,29.0,5.9
71,DGB2016,M,26.0,4.3
72,DGB2016,F,26.0,5.2
73,DGB2016,M,28.0,5.5
74,DGB2016,F,28.0,4.7
75,DGB2016,M,26.0,6.5
76,DGB2016,M,30.0,6.4
77,DGB2016,F,22.0,3.0
78,DGB2016,F,27.0,4.4
79,DGB2016,M,24.0,4.4
80,DGB2016,F,23.0,2.8
81,DGB2016,M,25.0,3.4
82,DGB2016,F,22.0,2.4
83,DGB2016,M,28.0,5.5
84,DGB2016,M,27.0,3.4
85,DGB2016,M,24.0,3.8
86,DGB2016,F,23.0,2.7
87,DGB2016,M,28.0,5.3
88,DGB2016,M,19.0,1.9
89,DGB2016,M,23.0,3.2
90,DGB2016,M,26.0,3.8
91,DGB2016,F,22.0,2.3
92,DGB2016,M,23.0,3.6
93,DGB2016,M,21.0,2.0
94,DGB2016,M,24.0,3.3
95,DGB2016,M,23.0,2.9
96,DGB2016,M,21.0,2.5
97,DGB2016,F,18.0,1.5
98,DGB2016,M,17.0,1.1
99,DGB2016,F,23.0,2.9
100,DGB2016,M,24.0,3.4
101,DGB2016,M,20.0,1.8
102,DGB2016,F,20.0,1.9
103,DGB2016,M,22.0,2.4
104,DGB2016,F,17.0,1.1
105,DGB2016,M,18.0,1.5
106,DGB2016,F,16.0,0.8
107,DGB2016,M,21.0,1.8
108,DGB2016,M,17.0,1.0
109,DGB2016,M,15.0,0.6
110,DGB2016,F,22.0,2.4
111,DGB2016,F,15.0,0.8
112,DGB2016,M,18.0,1.4
113,DGB2016,M,18.0,1.4
114,DGB2016,F,17.0,1.1
115,DGB2016,M,18.0,3.3
116,DGB2016,F,17.0,1.1
117,DGB2016,M,17.0,1.1
118,DGB2016,M,15.0,0.8
119,DGB2016,F,15.0,0.8
120,DGB2016,F,33.0,10.0
121,DGB2016,F,32.0,10.8
122,DGB2016,F,49.0,25.5
123,DGB2016,M,30.0,5.7
124,DGB2016,M,40.0,17.6
125,DGB2016,M,32.0,7.5
126,DGB2016,F,25.0,3.2
127,DGB2016,M,22.0,2.2
128,DGB2016,F,17.0,1.6
129,DGB2016,F,24.0,3.4
130,DGB2016,F,23.0,3.3
131,DGB2016,F,22.0,2.3
132,DGB2016,M,28.0,5.2
133,DGB2016,M,33.0,9.8
134,DGB2016,M,26.0,4.7
135,DGB2016,F,24.0,3.1
136,DGB2016,F,28.0,5.4
137,DGB2016,F,22.0,2.5
138,DGB2016,M,26.0,3.6
139,DGB2016,M,27.0,4.3
140,DGB2016,F,23.0,2.2
141,DGB2016,F,21.0,2.2
142,DGB2016,M,28.0,5.4
143,DGB2016,F,23.0,3.1
144,DGB2016,F,19.0,1.5
145,DGB2016,M,26.0,3.4
146,DGB2016,F,23.0,2.9
147,DGB2016,F,18.0,1.5
148,DGB2016,M,19.0,1.9
149,DGB2016,F,20.0,1.8
150,DGB2016,F,24.0,3.1
151,DGB2016,F,21.0,1.9
152,DGB2016,M,19.0,2.0
153,DGB2016,M,22.0,2.2
154,DGB2016,M,18.0,1.4
155,DGB2016,F,20.0,1.7
156,DGB2016,F,23.0,2.4
157,DGB2016,M,19.0,1.7
158,DGB2016,M,17.0,1.4
159,DGB2016,M,17.0,1.0
160,DGB2016,F,18.0,1.2
161,DGB2016,F,17.0,1.0
162,DGB2016,F,18.0,1.6
163,DGB2016,M,20.0,1.9
164,DGB2016,M,16.0,1.1
165,DGB2016,F,19.0,1.5
166,DGB2016,M,17.0,1.1
167,DGB2016,F,15.0,0.7
168,DGB2016,M,17.0,1.2
169,DGB2016,F,17.0,1.2
170,DGB2016,M,18.0,1.2
171,DGB2016,F,17.0,1.1
172,DGB2016,F,16.0,1.1
173,DGB2016,F,16.0,0.9
174,DGB2016,M,18.0,1.3
175,DGB2016,F,15.0,0.8
176,DGB2016,F,15.0,0.8
177,DGB2016,F,16.0,0.8
178,DGB2016,M,16.0,0.8
179,DGB2016,F,16.0,0.8
180,DGB2016,F,19.0,1.3
181,DGB2016,F,15.0,0.8
182,DGB2016,F,14.0,0.5
183,DGB2016,M,17.0,1.0
184,DGB2016,M,16.0,0.8
185,DGB2016,M,17.0,0.9
186,DGB2016,F,21.0,2.3
187,DGB2016,M,17.0,1.0
188,DGB2016,M,17.0,1.1
189,DGB2016,F,14.0,0.7
190,DGB2016,F,16.0,0.7
191,DGB2016,M,15.0,0.6
192,DGB2016,F,15.0,0.6
193,DGB2016,M,15.0,0.7
194,DGB2016,F,15.0,0.8
195,DGB2016,M,15.0,0.6
196,DGB2016,F,14.0,0.6
197,DGB2016,F,16.0,0.8
198,DGB2016,F,15.0,0.7
199,DGB2016,F,14.0,0.5
200,DGB2016,F,15.0,0.4
201,DGB2016,F,13.0,0.4
202,DGB2016,F,13.0,0.4
203,DGB2016,M,26.0,4.1
204,DGB2016,F,29.0,5.9
205,DGB2016,M,26.0,4.4
206,DGB2016,F,26.0,3.8
207,DGB2016,F,28.0,5.8
208,DGB2016,F,29.0,5.8
209,DGB2016,M,22.0,2.7
210,DGB2016,F,23.0,3.5
211,DGB2016,F,23.0,3.7
212,DGB2016,M,24.0,4.3
213,DGB2016,M,25.0,3.7
214,DGB2016,F,26.0,3.7
215,DGB2016,M,18.0,1.7
216,DGB2016,F,21.0,2.3
217,DGB2016,F,19.0,1.7
218,DGB2016,F,22.0,2.4
219,DGB2016,F,23.0,2.7
220,DGB2016,F,23.0,3.0
221,DGB2016,M,16.0,0.9
222,DGB2016,M,18.0,1.3
223,DGB2016,M,17.0,1.0
224,DGB2016,F,20.0,2.0
225,DGB2016,F,19.0,1.7
226,DGB2016,F,16.0,0.9
227,DGB2016,F,19.0,1.7
228,DGB2016,M,16.0,1.0
229,DGB2016,F,21.0,2.3
230,DGB2016,F,16.0,0.9
231,DGB2016,F,19.0,1.6
232,DGB2016,M,19.0,1.8
233,DGB2016,M,17.0,1.1
234,DGB2016,F,18.0,1.2
235,DGB2016,F,16.0,0.8
236,DGB2016,M,16.0,0.9
237,DGB2016,M,16.0,0.8
238,DGB2016,M,16.0,0.8
239,DGB2016,M,19.0,1.4
240,DGB2016,M,17.0,0.8
241,DGB2016,F,17.0,1.2
242,DGB2016,F,16.0,1.0
243,DGB2016,F,16.0,1.1
244,DGB2016,F,15.0,0.7
245,DGB2016,F,15.0,0.8
246,DGB2016,F,15.0,0.9
247,DGB2016,F,15.0,0.7
248,DGB2016,F,29.0,7.3
249,DGB2016,F,30.0,5.2
250,DGB2016,F,25.0,3.6
251,DGB2016,F,21.0,2.0
252,DGB2016,M,26.0,4.4
253,DGB2016,M,27.0,5.3
254,DGB2016,F,29.0,5.9
255,DGB2016,F,19.0,1.7
256,DGB2016,F,25.0,3.9
257,DGB2016,F,30.0,7.7
258,DGB2016,M,27.0,5.0
259,DGB2016,F,20.0,2.3
260,DGB2016,M,21.0,2.4
261,DGB2016,M,22.0,2.7
262,DGB2016,F,26.0,4.6
263,DGB2016,M,22.0,2.3
264,DGB2016,M,23.0,3.9
265,DGB2016,M,23.0,2.5
266,DGB2016,M,24.0,3.6
267,DGB2016,M,26.0,4.4
268,DGB2016,F,25.0,3.5
269,DGB2016,M,25.0,3.5
270,DGB2016,F,22.0,3.2
271,DGB2016,F,23.0,3.3
272,DGB2016,F,19.0,1.5
273,DGB2016,F,25.0,3.8
274,DGB2016,M,24.0,3.6
275,DGB2016,M,22.0,2.4
276,DGB2016,M,23.0,2.6
277,DGB2016,F,24.0,3.4
278,DGB2016,M,17.0,1.1
279,DGB2016,F,18.0,1.2
280,DGB2016,F,17.0,1.1
281,DGB2016,M,28.0,5.2
282,DGB2016,M,28.0,6.9
283,DGB2016,F,27.0,4.8
284,DGB2016,F,26.0,4.3
285,DGB2016,F,25.0,4.2
286,DGB2016,M,19.0,1.5
287,DGB2016,F,19.0,1.6
288,DGB2016,F,16.0,1.0
289,DGB2016,F,32.0,7.8
290,DGB2016,F,23.0,3.3
291,DGB2016,F,18.0,1.4
292,DGB2016,F,18.0,1.6
293,DGB2016,F,17.0,1.4
294,DGB2016,F,17.0,1.3
295,DGB2016,F,18.0,1.6
296,DGB2016,M,26.0,3.2
297,DGB2016,M,21.0,2.2
298,DGB2016,F,17.0,1.2
299,DGB2016,F,18.0,1.5
300,DGB2016,F,24.0,3.2
301,DGB2016,M,16.0,1.0
302,DGB2016,M,26.0,4.5
303,DGB2016,F,25.0,4.0
304,DGB2016,F,21.0,2.2
305,DGB2016,F,24.0,3.3
306,DGB2016,F,17.0,1.2
307,DGB2016,F,19.0,1.6
308,DGB2016,M,24.0,3.5
309,DGB2016,F,20.0,1.9
310,DGB2016,F,20.0,1.9
311,DGB2016,F,17.0,1.2
312,DGB2016,F,16.0,1.0
313,DGB2016,F,19.0,1.7
314,DGB2016,M,17.0,1.0
315,DGB2016,M,20.0,2.0
316,DGB2016,M,19.0,2.0
317,DGB2016,M,16.0,1.1
318,DGB2016,M,18.0,1.4
319,DGB2016,M,20.0,2.0
320,DGB2016,F,18.0,1.4
321,DGB2016,F,19.0,2.0
322,DGB2016,M,26.0,4.3
323,DGB2016,M,19.0,1.6
324,DGB2016,M,18.0,1.4
325,DGB2016,M,24.0,3.8
326,DGB2016,M,24.0,3.5
327,DGB2016,M,17.0,1.1
328,DGB2016,M,18.0,1.2
329,DGB2016,F,21.0,1.7
330,DGB2016,F,21.0,2.7
331,DGB2016,M,22.0,3.0
332,DGB2016,M,18.0,1.4
333,DGB2016,F,17.0,1.2
334,DGB2016,M,17.0,1.1
335,DGB2016,F,23.0,2.5
336,DGB2016,F,21.0,2.2
337,DGB2016,M,20.0,1.4
338,DGB2016,F,17.0,1.0
339,DGB2016,F,25.0,3.2
340,DGB2016,M,16.0,1.0
341,DGB2016,M,16.0,0.9
342,DGB2016,M,17.0,1.2
343,DGB2016,M,28.0,5.6
344,DGB2016,M,18.0,1.3
345,DGB2016,M,20.0,1.9
346,DGB2016,M,18.0,1.5
347,DGB2016,F,19.0,1.7
348,DGB2016,F,21.0,2.4
349,DGB2016,M,18.0,1.9
350,DGB2016,F,18.0,1.6
351,DGB2016,M,17.0,1.2
352,DGB2016,M,16.0,1.1
353,DGB2016,M,17.0,1.1
354,DGB2016,F,16.0,1.1
355,DGB2016,F,16.0,0.9
356,DGB2016,F,17.0,1.3
357,DGB2016,M,17.0,1.2
358,DGB2016,M,17.0,1.2
359,DGB2016,F,22.0,2.4
360,DGB2016,F,15.0,0.8
361,DGB2016,F,19.0,1.6
362,DGB2016,F,15.0,0.8
363,DGB2016,F,16.0,0.9
364,DGB2016,M,16.0,1.1
365,DGB2016,M,17.0,1.3
366,DGB2016,M,16.0,1.0
367,DGB2016,M,16.0,1.0
368,DGB2016,F,15.0,0.7
369,DGB2016,F,15.0,0.9
370,DGB2016,F,15.0,0.7
371,DGB2016,M,16.0,1.0
372,DGB2016,F,14.0,0.7
373,DGB2016,F,14.0,0.7
374,DGB2016,M,15.0,0.8
375,DGB2016,F,15.0,1.0
376,DGB2016,M,20.0,2.3
377,DGB2016,F,16.0,1.1
378,DGB2016,M,15.0,1.0
379,DGB2016,M,15.0,0.9
380,DGB2016,F,16.0,0.9
381,DGB2016,F,13.0,0.5
382,DGB2016,F,15.0,0.7
383,DGB2016,F,15.0,0.8
384,DGB2016,M,16.0,0.9
385,DGB2016,M,13.0,0.5
386,DGB2016,F,14.0,0.5
387,DGB2016,F,14.0,0.7
388,DGB2016,F,15.0,0.7
389,DGB2016,F,13.0,0.5
390,DGB2016,F,15.0,0.8
391,DGB2016,M,16.0,1.1
392,DGB2016,M,14.0,0.7
393,DGB2016,F,14.0,0.6
394,DGB2016,F,15.0,0.7
395,DGB2016,F,16.0,0.9
396,DGB2016,F,14.0,0.7
397,DGB2016,F,17.0,1.2
398,DGB2016,F,15.0,0.7
399,DGB2016,F,13.0,0.7
400,DGB2016,M,16.0,1.0
401,DGB2016,F,14.0,0.7
402,DGB2016,F,15.0,0.8
403,DGB2016,F,13.0,0.6
404,DGB2016,M,13.0,0.5
405,DGB2016,F,14.0,0.6
406,DGB2016,F,39.0,15.5
407,DGB2016,M,30.0,6.3
408,DGB2016,M,31.0,7.1
409,DGB2016,F,34.0,9.7
410,DGB2016,F,33.0,8.8
411,DGB2016,F,27.0,4.2
412,DGB2016,F,27.0,5.1
413,DGB2016,F,24.0,3.1
414,DGB2016,M,22.0,2.4
415,DGB2016,F,24.0,3.4
416,DGB2016,F,23.0,2.7
417,DGB2016,M,22.0,2.6
418,DGB2016,F,23.0,2.8
419,DGB2016,F,22.0,2.8
420,DGB2016,F,23.0,2.5
421,DGB2016,M,19.0,1.4
422,DGB2016,M,18.0,1.4
423,DGB2016,F,23.0,2.5
424,DGB2016,F,18.0,1.2
425,DGB2016,M,15.0,0.8
426,DGB2016,F,18.0,1.2
427,DGB2016,F,16.0,0.8
428,DGB2016,M,17.0,1.1
429,DGB2016,M,17.0,0.8
430,DGB2016,F,15.0,0.8
431,DGB2016,F,17.0,1.0
432,DGB2016,F,17.0,1.2
433,DGB2016,M,15.0,0.8
434,DGB2016,F,14.0,0.6
435,DGB2016,F,16.0,0.7
436,DGB2016,F,15.0,0.7
437,DGB2016,M,16.0,0.9
438,DGB2016,F,16.0,0.8
439,DGB2016,F,15.0,0.6
440,DGB2016,M,16.0,0.7
441,DGB2016,M,16.0,0.7
442,DGB2016,F,17.0,1.1
443,DGB2016,F,16.0,0.8
444,DGB2016,F,13.0,0.5
445,DGB2016,F,15.0,0.6
446,DGB2016,M,13.0,0.5
447,DGB2016,F,14.0,0.8
448,DGB2016,M,14.0,0.6
449,DGB2016,M,15.0,0.8
450,DGB2016,M,16.0,1.0
451,DGB2016,M,14.0,0.6
452,DGB2016,M,13.0,0.4
453,DGB2016,F,33.0,9.4
454,DGB2016,F,34.0,9.7
455,DGB2016,M,23.0,2.9
456,DGB2016,M,20.0,1.5
457,DGB2016,F,20.0,1.9
458,DGB2016,M,20.0,1.6
459,DGB2016,F,18.0,1.3
460,DGB2016,F,16.0,0.8
461,DGB2016,F,17.0,0.9
462,DGB2016,M,17.0,1.1
463,DGB2016,F,24.0,3.1
464,DGB2016,F,17.0,0.9
465,DGB2016,F,14.0,0.5
466,DGB2016,M,14.0,0.5
467,DGB2016,F,14.0,0.6
468,DGB2016,F,14.0,0.5
469,CON2016,M,28.0,4.7
470,CON2016,F,31.0,8.4
471,CON2016,M,29.0,6.6
472,CON2016,M,29.0,6.6
473,CON2016,M,33.0,9.9
474,CON2016,F,26.0,4.7
475,CON2016,F,33.0,9.4
476,CON2016,M,35.0,12.5
477,CON2016,F,33.0,10.7
478,CON2016,M,36.0,11.6
479,CON2016,F,28.0,6.1
480,CON2016,F,26.0,4.9
481,CON2016,M,25.0,4.0
482,CON2016,F,24.0,3.3
483,CON2016,M,40.0,14.7
484,CON2016,M,31.0,7.7
485,CON2016,F,33.0,8.9
486,CON2016,M,34.0,11.0
487,CON2016,F,35.0,13.8
488,CON2016,F,28.0,5.8
489,CON2016,M,28.0,6.4
490,CON2016,F,30.0,9.6
491,CON2016,M,35.0,14.8
492,CON2016,F,39.0,15.9
493,CON2016,M,34.0,9.4
494,CON2016,M,29.0,6.6
495,CON2016,M,25.0,4.0
496,CON2016,F,21.0,2.2
497,CON2016,F,28.0,6.0
498,CON2016,M,36.0,13.3
499,CON2016,F,28.0,5.5
500,CON2016,F,27.0,3.3
501,CON2016,F,34.0,11.0
502,CON2016,F,36.0,10.3
503,CON2016,M,35.0,9.7
504,CON2016,F,28.0,5.4
505,CON2016,M,32.0,8.6
506,CON2016,M,30.0,6.5
507,CON2016,M,24.0,3.4
508,CON2016,M,24.0,3.5
509,CON2016,F,29.0,7.0
510,CON2016,M,33.0,9.0
511,CON2016,M,35.0,13.0
512,CON2016,F,28.0,5.8
513,CON2016,M,28.0,5.7
514,CON2016,M,23.0,2.6
515,CON2016,M,25.0,3.7
516,CON2016,F,23.0,2.9
517,CON2016,F,30.0,5.8
518,CON2016,M,22.0,2.7
519,CON2016,M,21.0,2.4
520,CON2016,F,28.0,5.3
521,CON2016,M,34.0,11.7
522,CON2016,F,37.0,11.1
523,CON2016,F,28.0,5.1
524,CON2016,M,33.0,7.3
525,CON2016,M,37.0,9.9
526,CON2016,F,23.0,2.6
527,CON2016,M,22.0,2.8
528,CON2016,F,26.0,3.9
529,CON2016,F,24.0,4.0
530,CON2016,F,24.0,3.0
531,CON2016,M,26.0,3.9
532,CON2016,F,23.0,4.3
533,CON2016,F,22.0,2.7
534,CON2016,F,28.0,5.1
535,CON2016,F,26.0,4.3
536,CON2016,F,31.0,8.2
537,CON2016,M,22.0,2.3
538,CON2016,M,21.0,2.1
539,CON2016,F,34.0,10.7
540,CON2016,F,32.0,8.0
541,CON2016,M,21.0,3.0
542,CON2016,M,20.0,2.0
543,CON2016,F,18.0,1.3
544,CON2016,F,23.0,3.3
545,CON2016,F,19.0,1.8
546,CON2016,F,20.0,2.6
547,CON2016,M,21.0,2.5
548,CON2016,M,18.0,1.8
549,CON2016,M,20.0,1.5
550,CON2016,M,20.0,2.1
551,CON2016,M,29.0,5.3
552,CON2016,F,23.0,2.7
553,CON2016,M,30.0,5.5
554,CON2016,M,23.0,3.2
555,CON2016,M,21.0,2.2
556,CON2016,F,19.0,1.7
557,CON2016,F,25.0,3.5
558,CON2016,F,27.0,3.8
559,CON2016,F,28.0,5.8
560,CON2016,F,33.0,7.3
561,CON2016,F,24.0,3.4
562,CON2016,F,29.0,6.1
563,CON2016,F,29.0,6.1
564,CON2016,M,21.0,2.5
565,CON2016,F,29.0,6.4
566,CON2016,M,25.0,3.9
567,CON2016,M,21.0,2.3
568,CON2016,M,30.0,7.4
569,CON2016,M,31.0,6.9
570,CON2016,M,24.0,3.8
571,CON2016,M,29.0,5.4
572,CON2016,F,20.0,2.1
573,CON2016,F,27.0,3.0
574,CON2016,M,31.0,9.0
575,CON2016,M,26.0,4.2
576,CON2016,F,23.0,2.7
577,CON2016,F,18.0,1.3
578,CON2016,M,21.0,2.1
579,CON2016,F,21.0,1.7
580,CON2016,F,19.0,1.5
581,CON2016,F,23.0,2.6
582,CON2016,M,20.0,1.8
583,CON2016,F,20.0,1.8
584,CON2016,F,19.0,1.7
585,CON2016,F,19.0,1.5
586,CON2016,F,20.0,2.0
587,CON2016,F,19.0,1.9
588,CON2016,F,16.0,1.2
589,CON2016,F,16.0,1.1
590,CON2016,F,18.0,1.4
591,CON2016,F,19.0,1.6
592,CON2016,F,18.0,1.3
593,CON2016,F,20.0,1.5
594,CON2016,M,21.0,2.5
595,CON2016,F,19.0,1.5
596,CON2016,M,18.0,1.4
597,CON2016,M,19.0,1.3
598,CON2016,F,21.0,2.4
599,CON2016,F,18.0,1.3
600,CON2016,M,19.0,1.6
601,CON2016,M,23.0,3.2
602,CON2016,M,18.0,1.3
603,CON2016,F,21.0,2.1
604,CON2016,F,25.0,4.5
605,CON2016,F,21.0,2.0
606,CON2016,F,18.0,1.4
607,CON2016,M,20.0,1.7
608,CON2016,M,19.0,1.5
609,CON2016,F,19.0,1.6
610,CON2016,F,22.0,2.3
611,CON2016,M,16.0,1.1
612,CON2016,F,18.0,1.4
613,CON2016,F,17.0,1.1
614,CON2016,F,19.0,1.4
615,CON2016,M,10.0,0.3
616,CON2016,M,20.0,2.1
617,CON2016,F,19.0,1.6
618,CON2016,F,15.0,0.8
619,CON2016,F,18.0,1.7
620,CON2016,M,17.0,1.0
621,CON2016,F,20.0,1.8
622,CON2016,M,22.0,2.4
623,CON2016,F,18.0,1.0
624,CON2016,M,16.0,1.1
625,CON2016,M,19.0,1.4
626,CON2016,M,18.0,1.4
627,CON2016,F,15.0,0.9
628,CON2016,F,14.0,0.6
629,CON2016,M,17.0,1.1
630,CON2016,M,18.0,1.7
631,CON2016,M,18.0,1.4
632,CON2016,M,17.0,1.5
633,CON2016,M,19.0,1.5
634,CON2016,F,18.0,1.6
635,CON2016,M,16.0,1.0
636,CON2016,M,14.0,0.7
637,CON2016,F,15.0,0.8
638,CON2016,F,17.0,1.0
639,CON2016,M,14.0,0.7
640,CON2016,F,15.0,0.9
641,CON2016,M,14.0,0.6
642,CON2016,M,13.0,0.4
643,CON2016,F,13.0,0.6
644,CON2016,M,14.0,0.5
645,CON2016,F,15.0,0.7
646,CON2016,F,17.0,1.0
647,CON2016,F,14.0,0.7
648,CON2016,F,17.0,1.3
649,CON2016,F,17.0,1.2
650,CON2016,M,14.0,0.6
651,CON2016,M,15.0,0.7
652,CON2016,F,14.0,0.7
653,CON2016,M,14.0,0.6
654,CON2016,M,14.0,0.8
655,CON2016,M,15.0,0.7
656,CON2016,F,14.0,0.5
657,CON2016,F,11.0,0.3
658,CON2016,F,13.0,0.6
659,CON2016,M,13.0,0.5
660,CON2016,F,13.0,0.4
661,CON2016,M,15.0,0.8
662,CON2016,M,14.0,0.4
663,CON2016,F,14.0,0.6
664,CON2016,F,13.0,0.6
665,CON2016,F,14.0,0.6
666,CON2016,F,14.0,0.5
667,CON2016,M,13.0,0.4
668,CON2016,F,13.0,0.4
669,CON2016,F,13.0,0.5
670,CON2016,F,13.0,0.5
671,CON2016,M,13.0,0.6
672,CON2016,M,14.0,0.5
673,CON2016,F,14.0,0.4
674,CON2016,M,14.0,0.6
675,CON2016,M,12.0,0.3
676,CON2016,M,11.0,0.3
677,CON2016,F,14.0,0.5
678,CON2016,F,13.0,0.4
679,CON2016,F,13.0,0.5
680,CON2016,F,14.0,0.4
681,CON2016,M,13.0,0.4
682,CON2016,F,25.0,3.8
683,CON2016,F,26.0,4.1
684,CON2016,F,26.0,4.7
685,CON2016,F,19.0,1.7
686,CON2016,M,22.0,2.2
687,CON2016,F,20.0,1.9
688,CON2016,M,19.0,1.9
689,CON2016,M,19.0,1.7
690,CON2016,M,20.0,2.0
691,CON2016,M,19.0,1.7
692,CON2016,M,19.0,1.6
693,CON2016,M,19.0,1.6
694,CON2016,F,19.0,1.5
695,CON2016,M,17.0,1.2
696,CON2016,F,18.0,1.4
697,CON2016,F,15.0,0.7
698,CON2016,M,17.0,1.2
699,CON2016,M,16.0,1.5
700,CON2016,M,15.0,0.9
701,CON2016,F,13.0,0.5
702,CON2016,M,13.0,0.5
703,CON2016,M,14.0,0.8
704,CON2016,F,15.0,0.8
705,CON2016,M,15.0,0.6
706,CON2016,M,13.0,0.6
707,CON2016,F,13.0,0.5
708,CON2016,F,14.0,0.7
709,CON2016,F,12.0,0.3
710,CON2016,M,13.0,0.5
711,CON2016,M,13.0,0.5
712,CON2016,F,13.0,0.4
713,CON2016,F,14.0,0.6
714,CON2016,M,22.0,1.9
715,CON2016,M,25.0,3.2
716,CON2016,F,37.0,11.9
717,CON2016,F,15.0,0.6
718,CON2016,F,13.0,0.4
719,CON2016,M,13.0,0.5
720,CON2016,M,14.0,0.6
721,CON2016,F,17.0,1.1
722,CON2016,F,17.0,1.1
723,CON2016,M,38.0,14.2
724,CON2016,F,37.0,11.9
725,CON2016,F,32.0,7.7
726,CON2016,F,28.0,4.8
727,CON2016,M,31.0,7.5
728,CON2016,M,34.0,10.2
729,CON2016,M,29.0,5.6
730,CON2016,F,30.0,6.8
731,CON2016,F,40.0,13.0
732,CON2016,F,28.0,4.9
733,CON2016,F,25.0,3.2
734,CON2016,M,22.0,2.5
735,CON2016,F,22.0,2.1
736,CON2016,F,25.0,2.7
737,CON2016,F,21.0,2.1
738,CON2016,M,20.0,1.6
739,CON2016,M,21.0,1.8
740,CON2016,M,20.0,1.8
741,CON2016,M,20.0,1.9
742,CON2016,F,20.0,2.0
743,CON2016,F,18.0,1.5
744,CON2016,F,19.0,1.3
745,CON2016,M,19.0,1.8
746,CON2016,M,18.0,1.3
747,CON2016,F,19.0,2.0
748,CON2016,F,20.0,1.9
749,CON2016,F,17.0,1.2
750,CON2016,F,17.0,1.0
751,CON2016,M,19.0,1.4
752,CON2016,F,15.0,0.6
753,CON2016,F,13.0,0.4
754,CON2016,F,15.0,0.6
755,CON2016,M,13.0,0.4
756,CON2016,M,17.0,0.9
757,CON2016,F,13.0,0.5
758,CON2016,M,15.0,0.6
759,CON2016,M,17.0,1.1
760,CON2016,F,16.0,0.8
761,CON2016,M,13.0,0.5
762,CON2016,M,13.0,0.3
763,CON2016,F,13.0,0.5
764,CON2016,F,13.0,0.6
765,CON2016,M,13.0,0.4
766,CON2016,M,16.0,0.7
767,CON2016,F,13.0,0.4
768,CON2016,F,13.0,0.5
769,CON2016,M,14.0,0.5
770,CON2016,M,13.0,0.5
771,CON2016,M,12.0,0.3
772,CON2016,F,19.0,1.5
773,CON2016,M,17.0,1.0
774,CON2016,F,13.0,0.4
775,CON2016,M,15.0,0.8
776,CON2016,M,13.0,0.5
777,CON2016,M,13.0,0.4
778,CON2016,M,12.0,0.3
779,CON2016,F,13.0,0.4
780,CON2016,F,13.0,0.5
781,CON2016,F,13.0,0.3
782,CON2016,F,13.0,0.4
783,CON2016,F,13.0,0.3
784,CON2016,F,13.0,0.4
785,CON2016,F,14.0,0.4
786,CON2016,M,14.0,0.3
787,CON2016,F,20.0,1.7
788,CON2016,F,35.0,10.9
789,CON2016,F,37.0,12.9
790,CON2016,M,26.0,3.2
791,CON2016,M,20.0,1.7
792,CON2016,M,21.0,2.5
793,CON2016,F,20.0,2.0
794,CON2016,F,19.0,1.9
795,CON2016,F,20.0,2.2
796,CON2016,M,19.0,1.9
797,CON2016,F,19.0,2.0
798,CON2016,M,18.0,1.1
799,CON2016,M,17.0,1.2
800,CON2016,M,17.0,1.0
801,CON2016,F,16.0,1.0
802,CON2016,M,16.0,1.0
803,CON2016,F,19.0,1.3
804,CON2016,F,17.0,1.1
805,CON2016,F,14.0,0.6
806,CON2016,F,13.0,0.4
807,CON2016,M,14.0,0.6
808,CON2016,F,13.0,0.5
809,CON2016,M,13.0,0.4
810,CON2016,F,13.0,0.4
811,CON2016,F,13.0,0.4
812,CON2016,F,13.0,0.5
813,CON2016,F,13.0,0.5
814,CON2016,F,13.0,0.3
815,CON2016,F,13.0,0.4
816,CON2016,M,13.0,0.3
817,CON2016,F,13.0,0.4
818,CON2016,F,13.0,0.5
819,CON2016,M,13.0,0.4
820,CON2016,M,13.0,0.5
821,DGB2017,M,44.0,27.1
822,DGB2017,F,40.0,18.5
823,DGB2017,M,39.0,15.9
824,DGB2017,F,39.0,16.3
825,DGB2017,F,39.0,15.4
826,DGB2017,F,37.0,14.7
827,DGB2017,F,37.0,7.7
828,DGB2017,M,36.0,15.1
829,DGB2017,M,36.0,13.6
830,DGB2017,F,36.0,13.6
831,DGB2017,F,36.0,15.7
832,DGB2017,M,35.0,14.1
833,DGB2017,M,35.0,13.4
834,DGB2017,F,35.0,11.3
835,DGB2017,M,34.0,11.1
836,DGB2017,M,34.0,11.0
837,DGB2017,F,34.0,9.6
838,DGB2017,F,34.0,8.9
839,DGB2017,F,34.0,11.5
840,DGB2017,F,34.0,10.1
841,DGB2017,F,34.0,10.3
842,DGB2017,F,34.0,8.5
843,DGB2017,M,33.0,9.8
844,DGB2017,M,33.0,8.7
845,DGB2017,M,33.0,9.5
846,DGB2017,F,33.0,8.5
847,DGB2017,F,33.0,8.3
848,DGB2017,F,33.0,10.5
849,DGB2017,F,33.0,8.9
850,DGB2017,F,33.0,9.3
851,DGB2017,M,32.0,9.3
852,DGB2017,M,32.0,9.2
853,DGB2017,M,32.0,8.8
854,DGB2017,M,32.0,7.8
855,DGB2017,F,32.0,9.6
856,DGB2017,F,32.0,9.0
857,DGB2017,F,32.0,8.5
858,DGB2017,M,31.0,7.9
859,DGB2017,M,31.0,7.8
860,DGB2017,M,31.0,7.3
861,DGB2017,M,31.0,8.0
862,DGB2017,M,31.0,6.6
863,DGB2017,M,31.0,7.0
864,DGB2017,F,31.0,8.4
865,DGB2017,F,31.0,8.5
866,DGB2017,F,31.0,9.2
867,DGB2017,F,31.0,8.9
868,DGB2017,F,31.0,9.7
869,DGB2017,M,30.0,7.7
870,DGB2017,M,30.0,8.0
871,DGB2017,M,30.0,8.5
872,DGB2017,F,30.0,7.5
873,DGB2017,F,30.0,7.7
874,DGB2017,F,30.0,7.0
875,DGB2017,F,30.0,7.9
876,DGB2017,F,30.0,7.2
877,DGB2017,F,30.0,7.2
878,DGB2017,M,29.0,6.1
879,DGB2017,M,29.0,7.2
880,DGB2017,M,29.0,7.4
881,DGB2017,M,29.0,6.3
882,DGB2017,M,29.0,6.8
883,DGB2017,M,29.0,6.4
884,DGB2017,M,29.0,6.3
885,DGB2017,M,29.0,7.0
886,DGB2017,M,29.0,7.1
887,DGB2017,F,29.0,6.5
888,DGB2017,F,29.0,6.0
889,DGB2017,F,29.0,8.0
890,DGB2017,F,29.0,6.3
891,DGB2017,F,29.0,6.9
892,DGB2017,F,29.0,5.9
893,DGB2017,M,28.0,5.4
894,DGB2017,M,28.0,6.3
895,DGB2017,M,28.0,5.2
896,DGB2017,M,28.0,5.7
897,DGB2017,M,28.0,5.9
898,DGB2017,M,28.0,7.2
899,DGB2017,F,28.0,7.1
900,DGB2017,F,28.0,3.8
901,DGB2017,F,28.0,6.4
902,DGB2017,F,28.0,5.8
903,DGB2017,F,28.0,6.1
904,DGB2017,M,27.0,5.1
905,DGB2017,M,27.0,4.4
906,DGB2017,M,27.0,5.6
907,DGB2017,M,27.0,5.6
908,DGB2017,F,27.0,5.7
909,DGB2017,F,27.0,5.2
910,DGB2017,F,27.0,5.8
911,DGB2017,F,27.0,5.6
912,DGB2017,F,27.0,5.3
913,DGB2017,F,27.0,6.1
914,DGB2017,F,27.0,3.1
915,DGB2017,F,27.0,6.7
916,DGB2017,F,27.0,6.4
917,DGB2017,M,26.0,4.9
918,DGB2017,M,26.0,4.8
919,DGB2017,M,26.0,4.8
920,DGB2017,M,26.0,4.8
921,DGB2017,M,26.0,3.8
922,DGB2017,M,26.0,5.1
923,DGB2017,M,26.0,4.7
924,DGB2017,M,26.0,4.3
925,DGB2017,M,26.0,4.6
926,DGB2017,M,26.0,5.0
927,DGB2017,M,26.0,5.2
928,DGB2017,M,26.0,4.3
929,DGB2017,F,26.0,4.8
930,DGB2017,F,26.0,6.0
931,DGB2017,F,26.0,4.8
932,DGB2017,F,26.0,5.0
933,DGB2017,F,26.0,4.2
934,DGB2017,F,26.0,5.0
935,DGB2017,F,26.0,4.6
936,DGB2017,F,26.0,3.4
937,DGB2017,F,26.0,5.0
938,DGB2017,F,26.0,4.8
939,DGB2017,F,26.0,5.3
940,DGB2017,M,25.0,3.6
941,DGB2017,M,25.0,4.8
942,DGB2017,M,25.0,4.6
943,DGB2017,M,25.0,4.7
944,DGB2017,M,25.0,4.9
945,DGB2017,M,25.0,4.0
946,DGB2017,M,25.0,4.8
947,DGB2017,M,25.0,4.6
948,DGB2017,M,25.0,5.6
949,DGB2017,M,25.0,4.7
950,DGB2017,M,25.0,4.4
951,DGB2017,M,25.0,4.2
952,DGB2017,M,25.0,4.6
953,DGB2017,M,25.0,4.3
954,DGB2017,M,25.0,4.1
955,DGB2017,F,25.0,4.4
956,DGB2017,F,25.0,4.3
957,DGB2017,F,25.0,4.5
958,DGB2017,F,25.0,3.8
959,DGB2017,M,24.0,3.4
960,DGB2017,M,24.0,3.8
961,DGB2017,M,24.0,3.4
962,DGB2017,M,24.0,3.2
963,DGB2017,M,24.0,4.3
964,DGB2017,M,24.0,3.5
965,DGB2017,M,24.0,3.2
966,DGB2017,M,24.0,3.7
967,DGB2017,M,24.0,3.3
968,DGB2017,M,24.0,9.2
969,DGB2017,M,24.0,3.3
970,DGB2017,M,24.0,3.9
971,DGB2017,M,24.0,4.0
972,DGB2017,M,24.0,3.5
973,DGB2017,M,24.0,4.0
974,DGB2017,M,24.0,3.4
975,DGB2017,M,24.0,4.3
976,DGB2017,M,24.0,3.2
977,DGB2017,M,24.0,3.0
978,DGB2017,M,24.0,3.9
979,DGB2017,F,24.0,3.1
980,DGB2017,F,24.0,3.0
981,DGB2017,F,24.0,3.8
982,DGB2017,F,24.0,4.3
983,DGB2017,F,24.0,4.2
984,DGB2017,F,24.0,3.7
985,DGB2017,F,24.0,4.0
986,DGB2017,F,24.0,3.4
987,DGB2017,F,24.0,4.0
988,DGB2017,F,24.0,3.9
989,DGB2017,F,24.0,3.4
990,DGB2017,F,24.0,3.6
991,DGB2017,F,24.0,3.8
992,DGB2017,F,24.0,3.7
993,DGB2017,F,24.0,3.1
994,DGB2017,M,23.0,3.0
995,DGB2017,M,23.0,2.8
996,DGB2017,M,23.0,2.9
997,DGB2017,M,23.0,3.3
998,DGB2017,M,23.0,2.7
999,DGB2017,M,23.0,3.1
1000,DGB2017,M,23.0,3.1
1001,DGB2017,M,23.0,3.2
1002,DGB2017,M,23.0,3.1
1003,DGB2017,M,23.0,3.1
1004,DGB2017,M,23.0,2.4
1005,DGB2017,M,23.0,3.2
1006,DGB2017,M,23.0,3.4
1007,DGB2017,F,23.0,3.0
1008,DGB2017,F,23.0,2.9
1009,DGB2017,F,23.0,3.2
1010,DGB2017,F,23.0,2.9
1011,DGB2017,F,23.0,3.9
1012,DGB2017,F,23.0,3.5
1013,DGB2017,F,23.0,3.5
1014,DGB2017,F,23.0,3.5
1015,DGB2017,F,23.0,3.1
1016,DGB2017,F,23.0,3.0
1017,DGB2017,F,23.0,3.6
1018,DGB2017,F,23.0,3.5
1019,DGB2017,F,23.0,2.8
1020,DGB2017,F,23.0,3.1
1021,DGB2017,F,23.0,4.0
1022,DGB2017,F,23.0,4.5
1023,DGB2017,M,22.0,2.5
1024,DGB2017,M,22.0,2.5
1025,DGB2017,M,22.0,2.5
1026,DGB2017,M,22.0,4.1
1027,DGB2017,M,22.0,2.9
1028,DGB2017,M,22.0,3.1
1029,DGB2017,M,22.0,2.5
1030,DGB2017,M,22.0,1.5
1031,DGB2017,M,22.0,2.6
1032,DGB2017,M,22.0,2.5
1033,DGB2017,F,22.0,2.9
1034,DGB2017,F,22.0,2.7
1035,DGB2017,F,22.0,2.6
1036,DGB2017,F,22.0,2.2
1037,DGB2017,F,22.0,2.8
1038,DGB2017,F,22.0,3.0
1039,DGB2017,F,22.0,3.9
1040,DGB2017,F,22.0,2.6
1041,DGB2017,F,22.0,3.8
1042,DGB2017,F,22.0,3.1
1043,DGB2017,F,22.0,2.7
1044,DGB2017,F,22.0,2.3
1045,DGB2017,F,22.0,2.8
1046,DGB2017,F,22.0,2.9
1047,DGB2017,F,22.0,2.5
1048,DGB2017,F,22.0,3.1
1049,DGB2017,F,22.0,2.9
1050,DGB2017,F,22.0,2.8
1051,DGB2017,F,22.0,2.9
1052,DGB2017,F,22.0,2.6
1053,DGB2017,F,22.0,2.1
1054,DGB2017,M,21.0,2.4
1055,DGB2017,M,21.0,2.3
1056,DGB2017,M,21.0,2.6
1057,DGB2017,M,21.0,2.2
1058,DGB2017,M,21.0,2.2
1059,DGB2017,M,21.0,2.7
1060,DGB2017,M,21.0,2.3
1061,DGB2017,M,21.0,2.6
1062,DGB2017,M,21.0,2.7
1063,DGB2017,M,21.0,1.9
1064,DGB2017,M,21.0,1.3
1065,DGB2017,F,21.0,2.6
1066,DGB2017,F,21.0,2.7
1067,DGB2017,F,21.0,2.4
1068,DGB2017,F,21.0,1.9
1069,DGB2017,F,21.0,3.2
1070,DGB2017,F,21.0,2.6
1071,DGB2017,F,21.0,2.8
1072,DGB2017,F,21.0,3.0
1073,DGB2017,F,21.0,2.4
1074,DGB2017,F,21.0,3.6
1075,DGB2017,F,21.0,2.9
1076,DGB2017,F,21.0,1.4
1077,DGB2017,F,21.0,2.3
1078,DGB2017,F,21.0,2.7
1079,DGB2017,F,21.0,2.1
1080,DGB2017,M,20.0,2.1
1081,DGB2017,M,20.0,1.9
1082,DGB2017,M,20.0,2.4
1083,DGB2017,M,20.0,2.3
1084,DGB2017,M,20.0,2.4
1085,DGB2017,M,20.0,2.2
1086,DGB2017,M,20.0,1.8
1087,DGB2017,M,20.0,1.8
1088,DGB2017,M,20.0,1.6
1089,DGB2017,F,20.0,2.1
1090,DGB2017,F,20.0,2.2
1091,DGB2017,F,20.0,2.6
1092,DGB2017,F,20.0,1.9
1093,DGB2017,F,20.0,2.3
1094,DGB2017,F,20.0,2.4
1095,DGB2017,F,20.0,2.1
1096,DGB2017,F,20.0,2.3
1097,DGB2017,F,20.0,1.8
1098,DGB2017,F,20.0,1.9
1099,DGB2017,F,20.0,2.2
1100,DGB2017,F,20.0,3.3
1101,DGB2017,F,20.0,2.1
1102,DGB2017,F,20.0,3.1
1103,DGB2017,F,20.0,2.5
1104,DGB2017,M,19.0,1.9
1105,DGB2017,M,19.0,1.7
1106,DGB2017,M,19.0,1.7
1107,DGB2017,M,19.0,1.8
1108,DGB2017,M,19.0,2.0
1109,DGB2017,M,19.0,1.4
1110,DGB2017,M,19.0,1.8
1111,DGB2017,M,19.0,1.5
1112,DGB2017,M,19.0,1.6
1113,DGB2017,M,19.0,2.1
1114,DGB2017,M,19.0,2.2
1115,DGB2017,M,19.0,2.0
1116,DGB2017,M,19.0,1.9
1117,DGB2017,M,19.0,2.0
1118,DGB2017,M,19.0,1.9
1119,DGB2017,M,19.0,2.6
1120,DGB2017,M,19.0,2.1
1121,DGB2017,M,19.0,1.9
1122,DGB2017,M,19.0,1.9
1123,DGB2017,M,19.0,1.4
1124,DGB2017,M,19.0,1.8
1125,DGB2017,M,19.0,1.7
1126,DGB2017,M,19.0,1.8
1127,DGB2017,M,19.0,1.6
1128,DGB2017,M,19.0,1.3
1129,DGB2017,M,19.0,1.9
1130,DGB2017,M,19.0,1.5
1131,DGB2017,M,19.0,1.5
1132,DGB2017,M,19.0,1.6
1133,DGB2017,F,19.0,1.6
1134,DGB2017,F,19.0,1.9
1135,DGB2017,F,19.0,2.4
1136,DGB2017,F,19.0,2.0
1137,DGB2017,F,19.0,1.6
1138,DGB2017,F,19.0,1.9
1139,DGB2017,F,19.0,1.9
1140,DGB2017,F,19.0,1.5
1141,DGB2017,F,19.0,1.7
1142,DGB2017,F,19.0,2.0
1143,DGB2017,F,19.0,2.1
1144,DGB2017,F,19.0,1.9
1145,DGB2017,F,19.0,1.5
1146,DGB2017,F,19.0,2.1
1147,DGB2017,F,19.0,2.0
1148,DGB2017,M,18.0,1.4
1149,DGB2017,M,18.0,1.4
1150,DGB2017,M,18.0,1.4
1151,DGB2017,M,18.0,1.6
1152,DGB2017,M,18.0,1.5
1153,DGB2017,M,18.0,1.6
1154,DGB2017,M,18.0,1.5
1155,DGB2017,M,18.0,1.6
1156,DGB2017,M,18.0,1.1
1157,DGB2017,M,18.0,1.4
1158,DGB2017,M,18.0,1.8
1159,DGB2017,M,18.0,1.4
1160,DGB2017,M,18.0,1.4
1161,DGB2017,M,18.0,1.4
1162,DGB2017,M,18.0,1.2
1163,DGB2017,M,18.0,1.7
1164,DGB2017,M,18.0,1.5
1165,DGB2017,M,18.0,1.2
1166,DGB2017,M,18.0,1.3
1167,DGB2017,M,18.0,1.4
1168,DGB2017,F,18.0,1.3
1169,DGB2017,F,18.0,1.4
1170,DGB2017,F,18.0,1.6
1171,DGB2017,F,18.0,1.8
1172,DGB2017,F,18.0,2.4
1173,DGB2017,F,18.0,1.6
1174,DGB2017,F,18.0,1.3
1175,DGB2017,F,18.0,1.6
1176,DGB2017,F,18.0,1.1
1177,DGB2017,F,18.0,1.7
1178,DGB2017,F,18.0,1.6
1179,DGB2017,F,18.0,1.4
1180,DGB2017,F,18.0,1.4
1181,DGB2017,F,18.0,1.3
1182,DGB2017,F,18.0,1.0
1183,DGB2017,F,18.0,1.1
1184,DGB2017,F,18.0,1.6
1185,DGB2017,M,17.0,1.1
1186,DGB2017,M,17.0,1.0
1187,DGB2017,M,17.0,1.4
1188,DGB2017,M,17.0,1.2
1189,DGB2017,M,17.0,1.5
1190,DGB2017,M,17.0,1.2
1191,DGB2017,M,17.0,1.3
1192,DGB2017,M,17.0,1.5
1193,DGB2017,M,17.0,1.3
1194,DGB2017,M,17.0,1.4
1195,DGB2017,M,17.0,1.5
1196,DGB2017,M,17.0,1.1
1197,DGB2017,M,17.0,1.0
1198,DGB2017,M,17.0,1.1
1199,DGB2017,M,17.0,1.1
1200,DGB2017,M,17.0,1.1
1201,DGB2017,M,17.0,1.1
1202,DGB2017,M,17.0,1.3
1203,DGB2017,M,17.0,1.7
1204,DGB2017,M,17.0,1.1
1205,DGB2017,M,17.0,0.9
1206,DGB2017,M,17.0,1.2
1207,DGB2017,M,17.0,1.1
1208,DGB2017,M,17.0,1.4
1209,DGB2017,M,17.0,1.4
1210,DGB2017,F,17.0,1.3
1211,DGB2017,F,17.0,1.2
1212,DGB2017,F,17.0,1.3
1213,DGB2017,F,17.0,1.1
1214,DGB2017,F,17.0,1.3
1215,DGB2017,F,17.0,1.4
1216,DGB2017,F,17.0,1.0
1217,DGB2017,F,17.0,0.9
1218,DGB2017,F,17.0,1.1
1219,DGB2017,F,17.0,1.7
1220,DGB2017,F,17.0,1.3
1221,DGB2017,F,17.0,1.4
1222,DGB2017,F,17.0,1.4
1223,DGB2017,F,17.0,1.1
1224,DGB2017,F,17.0,0.9
1225,DGB2017,F,17.0,1.2
1226,DGB2017,F,17.0,1.2
1227,DGB2017,F,17.0,1.2
1228,DGB2017,F,17.0,1.2
1229,DGB2017,F,17.0,1.2
1230,DGB2017,F,17.0,1.2
1231,DGB2017,F,17.0,1.1
1232,DGB2017,F,17.0,1.1
1233,DGB2017,F,17.0,1.3
1234,DGB2017,F,17.0,1.6
1235,DGB2017,M,16.0,1.1
1236,DGB2017,M,16.0,1.0
1237,DGB2017,M,16.0,1.1
1238,DGB2017,M,16.0,1.3
1239,DGB2017,M,16.0,1.0
1240,DGB2017,M,16.0,1.2
1241,DGB2017,M,16.0,1.0
1242,DGB2017,M,16.0,1.0
1243,DGB2017,M,16.0,1.0
1244,DGB2017,M,16.0,1.0
1245,DGB2017,M,16.0,1.0
1246,DGB2017,M,16.0,1.0
1247,DGB2017,M,16.0,0.9
1248,DGB2017,M,16.0,0.9
1249,DGB2017,M,16.0,1.0
1250,DGB2017,M,16.0,0.9
1251,DGB2017,M,16.0,0.9
1252,DGB2017,M,16.0,1.1
1253,DGB2017,M,16.0,1.0
1254,DGB2017,M,16.0,0.9
1255,DGB2017,M,16.0,0.8
1256,DGB2017,M,16.0,0.8
1257,DGB2017,M,16.0,1.2
1258,DGB2017,M,16.0,1.5
1259,DGB2017,M,16.0,1.4
1260,DGB2017,M,16.0,1.4
1261,DGB2017,F,16.0,0.7
1262,DGB2017,F,16.0,0.9
1263,DGB2017,F,16.0,1.1
1264,DGB2017,F,16.0,0.9
1265,DGB2017,F,16.0,1.2
1266,DGB2017,F,16.0,0.8
1267,DGB2017,F,16.0,1.3
1268,DGB2017,F,16.0,1.7
1269,DGB2017,F,16.0,1.0
1270,DGB2017,F,16.0,1.1
1271,DGB2017,F,16.0,1.0
1272,DGB2017,F,16.0,1.1
1273,DGB2017,F,16.0,1.1
1274,DGB2017,F,16.0,1.1
1275,DGB2017,F,16.0,1.2
1276,DGB2017,F,16.0,1.2
1277,DGB2017,F,16.0,1.1
1278,DGB2017,F,16.0,1.0
1279,DGB2017,F,16.0,1.0
1280,DGB2017,F,16.0,1.0
1281,DGB2017,F,16.0,1.2
1282,DGB2017,F,16.0,1.0
1283,DGB2017,F,16.0,0.9
1284,DGB2017,F,16.0,0.9
1285,DGB2017,F,16.0,1.0
1286,DGB2017,F,16.0,1.1
1287,DGB2017,F,16.0,0.9
1288,DGB2017,F,16.0,1.1
1289,DGB2017,F,16.0,1.1
1290,DGB2017,F,16.0,1.0
1291,DGB2017,F,16.0,1.2
1292,DGB2017,M,15.0,1.0
1293,DGB2017,M,15.0,1.0
1294,DGB2017,M,15.0,0.8
1295,DGB2017,M,15.0,1.2
1296,DGB2017,M,15.0,0.9
1297,DGB2017,M,15.0,0.8
1298,DGB2017,M,15.0,0.6
1299,DGB2017,M,15.0,0.8
1300,DGB2017,M,15.0,0.8
1301,DGB2017,M,15.0,1.1
1302,DGB2017,M,15.0,0.7
1303,DGB2017,M,15.0,0.8
1304,DGB2017,M,15.0,0.8
1305,DGB2017,M,15.0,0.8
1306,DGB2017,M,15.0,0.7
1307,DGB2017,M,15.0,0.8
1308,DGB2017,M,15.0,0.5
1309,DGB2017,F,15.0,1.4
1310,DGB2017,F,15.0,0.9
1311,DGB2017,F,15.0,0.8
1312,DGB2017,F,15.0,0.9
1313,DGB2017,F,15.0,1.0
1314,DGB2017,F,15.0,1.0
1315,DGB2017,F,15.0,0.8
1316,DGB2017,F,15.0,0.9
1317,DGB2017,F,15.0,0.9
1318,DGB2017,F,15.0,1.2
1319,DGB2017,F,15.0,0.6
1320,DGB2017,F,15.0,0.8
1321,DGB2017,F,15.0,0.7
1322,DGB2017,F,15.0,0.7
1323,DGB2017,M,14.0,0.7
1324,DGB2017,M,14.0,0.7
1325,DGB2017,M,14.0,0.8
1326,DGB2017,M,14.0,0.7
1327,DGB2017,M,14.0,0.6
1328,DGB2017,M,14.0,0.4
1329,DGB2017,M,14.0,0.7
1330,DGB2017,F,14.0,0.7
1331,DGB2017,F,14.0,0.9
1332,DGB2017,F,14.0,0.6
1333,DGB2017,F,14.0,0.5
1334,DGB2017,F,14.0,0.7
1335,DGB2017,F,14.0,0.6
1336,DGB2017,F,14.0,0.7
1337,DGB2017,F,14.0,0.7
1338,DGB2017,F,14.0,0.6
1339,DGB2017,F,14.0,0.9
1340,DGB2017,F,14.0,0.6
1341,DGB2017,F,14.0,0.7
1342,DGB2017,M,13.0,0.6
1343,DGB2017,M,13.0,0.5
1344,DGB2017,M,13.0,0.7
1345,DGB2017,M,13.0,0.8
1346,DGB2017,M,13.0,0.6
1347,DGB2017,M,13.0,0.6
1348,DGB2017,M,13.0,0.5
1349,DGB2017,M,13.0,0.6
1350,DGB2017,M,13.0,0.6
1351,DGB2017,M,13.0,0.5
1352,DGB2017,M,13.0,0.4
1353,DGB2017,M,13.0,0.4
1354,DGB2017,M,13.0,0.5
1355,DGB2017,F,13.0,0.3
1356,DGB2017,F,13.0,0.4
1357,DGB2017,F,13.0,0.6
1358,DGB2017,F,13.0,0.5
1359,DGB2017,F,13.0,0.4
1360,DGB2017,F,13.0,0.5
1361,DGB2017,F,13.0,0.5
1362,DGB2017,F,13.0,0.5
1363,DGB2017,F,13.0,0.5
1364,DGB2017,F,13.0,0.4
1365,DGB2017,F,13.0,0.6
1366,DGB2017,F,13.0,0.5
1367,DGB2017,F,13.0,0.5
1368,DGB2017,F,13.0,0.5
1369,DGB2017,F,13.0,0.4
1370,DGB2017,F,13.0,0.5
1371,DGB2017,M,12.0,0.4
1372,DGB2017,M,12.0,0.4
1373,PAD2017,F,35.0,11.1
1374,PAD2017,F,28.0,6.2
1375,PAD2017,M,49.0,37.0
1376,PAD2017,M,40.0,17.0
1377,PAD2017,F,35.0,11.8
1378,PAD2017,M,31.0,8.4
1379,PAD2017,M,28.0,7.2
1380,PAD2017,F,24.0,4.5
1381,PAD2017,F,27.0,5.8
1382,PAD2017,F,27.0,6.6
1383,PAD2017,M,30.0,7.8
1384,PAD2017,M,47.0,32.0
1385,PAD2017,F,26.0,4.4
1386,PAD2017,M,25.0,4.5
1387,PAD2017,F,31.0,9.7
1388,PAD2017,M,27.0,5.0
1389,PAD2017,F,23.0,2.3
1390,PAD2017,M,41.0,22.0
1391,PAD2017,M,23.0,3.5
1392,PAD2017,F,22.0,2.5
1393,PAD2017,M,21.0,2.1
1394,PAD2017,M,23.0,3.3
1395,PAD2017,M,24.0,2.6
1396,PAD2017,M,23.0,3.0
1397,PAD2017,F,24.0,3.5
1398,PAD2017,F,20.0,1.8
1399,PAD2017,M,19.0,2.0
1400,PAD2017,M,18.0,1.7
1401,PAD2017,F,22.0,2.2
1402,PAD2017,M,18.0,1.8
1403,PAD2017,F,25.0,4.4
1404,PAD2017,M,18.0,1.3
1405,PAD2017,M,18.0,1.6
1406,PAD2017,M,18.0,1.6
1407,PAD2017,F,17.0,1.4
1408,PAD2017,M,20.0,2.0
1409,PAD2017,F,19.0,1.8
1410,PAD2017,F,16.0,1.1
1411,PAD2017,F,33.0,9.3
1412,PAD2017,F,23.0,3.1
1413,PAD2017,F,22.0,2.7
1414,PAD2017,F,19.0,1.5
1415,PAD2017,F,16.0,1.0
1416,PAD2017,M,16.0,1.2
1417,PAD2017,F,16.0,1.3
1418,PAD2017,F,15.0,0.9
1419,PAD2017,M,15.0,1.0
1420,PAD2017,F,15.0,0.9
1421,PAD2017,F,15.0,1.1
1422,PAD2017,F,15.0,0.8
1423,PAD2017,M,15.0,0.8
1424,PAD2017,F,14.0,0.6
1425,PAD2017,M,15.0,0.8
1426,PAD2017,F,14.0,0.6
1427,PAD2017,M,13.0,0.4
1428,PAD2017,F,15.0,0.9
1429,PAD2017,F,13.0,0.5
1430,PAD2017,M,15.0,0.7
1431,PAD2017,F,27.0,4.5
1432,PAD2017,M,23.0,3.1
1433,PAD2017,M,20.0,2.1
1434,PAD2017,F,47.0,26.0
1435,PAD2017,F,42.0,19.0
1436,PAD2017,F,46.0,27.0
1437,PAD2017,F,35.0,11.4
1438,PAD2017,F,32.0,8.3
1439,PAD2017,F,41.0,15.6
1440,PAD2017,F,27.0,5.3
1441,PAD2017,F,25.0,3.7
1442,PAD2017,M,26.0,4.8
1443,PAD2017,F,25.0,3.7
1444,PAD2017,M,28.0,6.4
1445,PAD2017,F,19.0,1.7
1446,PAD2017,F,24.0,3.5
1447,PAD2017,F,20.0,2.1
1448,PAD2017,F,28.0,6.2
1449,PAD2017,F,22.0,2.4
1450,PAD2017,M,22.0,2.6
1451,PAD2017,M,21.0,2.2
1452,PAD2017,M,23.0,3.3
1453,PAD2017,M,37.0,13.5
1454,PAD2017,M,30.0,9.7
1455,PAD2017,F,24.0,3.9
1456,PAD2017,M,26.0,4.3
1457,PAD2017,F,23.0,2.7
1458,PAD2017,M,26.0,3.6
1459,PAD2017,F,27.0,5.9
1460,PAD2017,F,26.0,4.5
1461,PAD2017,M,29.0,8.3
1462,PAD2017,F,34.0,15.3
1463,PAD2017,F,26.0,4.7
1464,PAD2017,M,27.0,4.6
1465,PAD2017,M,25.0,3.2
1466,PAD2017,M,34.0,7.6
1467,PAD2017,F,25.0,3.5
1468,PAD2017,M,45.0,29.0
1469,PAD2017,M,38.0,21.0
1470,PAD2017,M,28.0,5.0
1471,PAD2017,F,22.0,3.0
1472,PAD2017,M,34.0,14.8
1473,PAD2017,M,20.0,2.5
1474,PAD2017,M,26.0,4.3
1475,PAD2017,M,21.0,2.4
1476,PAD2017,M,30.0,6.3
1477,PAD2017,M,22.0,2.4
1478,PAD2017,M,31.0,6.5
1479,PAD2017,F,20.0,2.4
1480,PAD2017,F,18.0,1.6
1481,PAD2017,F,18.0,1.6
1482,PAD2017,F,18.0,1.6
1483,PAD2017,F,22.0,2.2
1484,PAD2017,M,18.0,1.9
1485,PAD2017,M,49.0,35.0
1486,PAD2017,F,45.0,22.0
1487,PAD2017,M,31.0,8.0
1488,PAD2017,F,27.0,5.4
1489,PAD2017,F,21.0,2.5
1490,PAD2017,M,20.0,2.3
1491,PAD2017,M,21.0,2.1
1492,PAD2017,M,22.0,2.4
1493,PAD2017,F,23.0,3.8
1494,PAD2017,M,21.0,2.3
1495,PAD2017,F,19.0,1.7
1496,PAD2017,F,26.0,5.0
1497,PAD2017,F,38.0,14.7
1498,PAD2017,F,36.0,13.7
1499,PAD2017,F,34.0,10.2
1500,PAD2017,M,33.0,10.5
1501,PAD2017,M,27.0,4.6
1502,PAD2017,F,26.0,4.4
1503,PAD2017,M,26.0,6.3
1504,PAD2017,M,37.0,15.8
1505,PAD2017,F,23.0,3.8
1506,PAD2017,M,24.0,3.7
1507,PAD2017,M,38.0,14.4
1508,PAD2017,M,45.0,27.0
1509,PAD2017,M,43.0,28.0
1510,PAD2017,F,35.0,12.3
1511,PAD2017,M,37.0,13.0
1512,PAD2017,M,25.0,3.9
1513,PAD2017,M,30.0,8.0
1514,PAD2017,F,21.0,3.5
1515,PAD2017,F,26.0,4.3
1516,PAD2017,M,28.0,4.7
1517,PAD2017,F,24.0,3.7
1518,PAD2017,M,19.0,2.1
1519,PAD2017,F,19.0,1.8
1520,PAD2017,M,19.0,2.1
1521,PAD2017,F,19.0,1.9
1522,PAD2017,F,19.0,1.8
1523,PAD2017,M,16.0,1.5
1524,PAD2017,F,19.0,1.6
1525,PAD2017,F,17.0,1.2
1526,PAD2017,M,16.0,0.8
1527,PAD2017,M,20.0,2.4
1528,PAD2017,F,22.0,2.0
1529,PAD2017,F,35.0,12.7
1530,PAD2017,F,41.0,21.1
1531,PAD2017,M,36.0,13.0
1532,PAD2017,F,37.0,14.9
1533,PAD2017,F,37.0,12.0
1534,PAD2017,F,30.0,7.3
1535,PAD2017,F,37.0,15.7
1536,PAD2017,M,24.0,4.3
1537,PAD2017,M,30.0,8.1
1538,PAD2017,M,28.0,6.9
1539,PAD2017,F,26.0,4.3
1540,PAD2017,F,28.0,5.6
1541,PAD2017,M,24.0,3.6
1542,PAD2017,M,24.0,3.5
1543,PAD2017,M,26.0,4.5
1544,PAD2017,M,23.0,2.9
1545,PAD2017,M,17.0,1.5
1546,PAD2017,F,17.0,1.4
1547,PAD2017,M,17.0,1.1
1548,PAD2017,M,18.0,1.4
1549,PAD2017,F,17.0,1.6
1550,PAD2017,F,18.0,1.1
1551,PAD2017,F,18.0,1.4
1552,PAD2017,F,17.0,1.1
1553,PAD2017,M,18.0,1.4
1554,PAD2017,F,15.0,0.9
1555,PAD2017,F,15.0,0.8
1556,PAD2017,F,16.0,1.1
1557,PAD2017,F,16.0,1.2
1558,PAD2017,M,18.0,1.6
1559,PAD2017,M,16.0,1.1
1560,PAD2017,F,17.0,1.3
1561,PAD2017,F,15.0,0.9
1562,PAD2017,F,15.0,0.8
1563,PAD2017,M,16.0,0.9
1564,PAD2017,F,15.0,0.8
1565,PAD2017,F,14.0,0.8
1566,PAD2017,M,14.0,0.6
1567,PAD2017,M,16.0,0.8
1568,PAD2017,M,13.0,0.6
1569,PAD2017,M,15.0,0.9
1570,PAD2017,M,53.0,54.0
1571,PAD2017,F,28.0,7.1
1572,PAD2017,F,40.0,17.0
1573,PAD2017,F,37.0,14.0
1574,PAD2017,F,27.0,5.4
1575,PAD2017,F,22.0,2.8
1576,PAD2017,M,17.0,1.2
1577,PAD2017,F,16.0,1.2
1578,PAD2017,M,16.0,1.1
1579,PAD2017,M,14.0,0.7
1580,PAD2017,F,16.0,1.0
1581,PAD2017,M,21.0,2.3
1582,PAD2017,F,30.0,7.2
1583,PAD2017,M,31.0,8.9
1584,PAD2017,M,30.0,6.0
1585,PAD2017,M,36.0,18.2
1586,PAD2017,M,26.0,4.7
1587,PAD2017,F,34.0,10.7
1588,PAD2017,M,30.0,7.8
1589,PAD2017,F,22.0,2.8
1590,PAD2017,F,21.0,2.3
1591,PAD2017,F,21.0,2.7
1592,PAD2017,F,21.0,2.6
1593,PAD2017,F,23.0,3.2
1594,PAD2017,F,40.0,18.1
1595,PAD2017,F,23.0,3.3
1596,PAD2017,F,22.0,3.4
1597,PAD2017,F,24.0,3.4
1598,PAD2017,F,24.0,3.6
1599,PAD2017,M,18.0,2.3
1600,PAD2017,F,20.0,1.6
1601,PAD2017,F,18.0,2.0
1602,PAD2017,F,29.0,7.6
1603,PAD2017,M,22.0,2.9
1604,PAD2017,F,28.0,6.2
1605,PAD2017,F,22.0,2.4
1606,PAD2017,F,18.0,1.9
1607,PAD2017,F,18.0,1.4
1608,PAD2017,M,18.0,1.2
1609,PAD2017,F,17.0,1.5
1610,PAD2017,M,19.0,1.8
1611,PAD2017,F,19.0,1.6
1612,PAD2017,M,18.0,1.4
1613,PAD2017,F,27.0,4.4
1614,PAD2017,M,27.0,4.8
1615,PAD2017,M,32.0,9.6
1616,PAD2017,F,32.0,10.1
1617,PAD2017,M,23.0,3.5
1618,PAD2017,F,26.0,4.9
1619,PAD2017,M,24.0,3.3
1620,PAD2017,F,30.0,7.2
1621,PAD2017,M,26.0,4.5
1622,PAD2017,F,31.0,8.6
1623,PAD2017,M,23.0,3.3
1624,PAD2017,M,27.0,5.4
1625,PAD2017,F,34.0,10.9
1626,PAD2017,F,22.0,2.0
1627,PAD2017,M,20.0,2.0
1628,PAD2017,F,32.0,7.7
1629,PAD2017,M,40.0,20.0
1630,PAD2017,F,22.0,3.0
1631,PAD2017,M,34.0,11.3
1632,PAD2017,F,36.0,13.3
1633,PAD2017,F,37.0,15.1
1634,PAD2017,M,40.0,15.4
1635,PAD2017,F,34.0,8.4
1636,PAD2017,F,27.0,5.2
1637,PAD2017,M,28.0,5.5
1638,PAD2017,M,22.0,3.1
1639,PAD2017,F,22.0,3.0
1640,PAD2017,F,26.0,2.2
1641,PAD2017,M,41.0,24.1
1642,PAD2017,M,38.0,14.5
1643,PAD2017,F,58.0,53.0
1644,PAD2017,M,38.0,11.6
1645,PAD2017,F,28.0,6.5
1646,PAD2017,M,31.0,8.1
1647,PAD2017,M,28.0,4.4
1648,PAD2017,F,22.0,2.5
1649,PAD2017,F,23.0,2.3
1650,PAD2017,F,23.0,2.9
1651,PAD2017,M,20.0,2.2
1652,PAD2017,F,20.0,1.9
1653,PAD2017,F,32.0,9.3
1654,PAD2017,F,20.0,2.5
1655,PAD2017,M,19.0,2.0
1656,PAD2017,F,20.0,2.3
1657,PAD2017,F,22.0,2.8
1658,PAD2017,F,18.0,1.8
1659,PAD2017,F,17.0,1.3
1660,PAD2017,M,19.0,1.9
1661,PAD2017,F,19.0,1.8
1662,PAD2017,F,19.0,1.6
1663,PAD2017,M,25.0,4.0
1664,PAD2017,F,20.0,2.1
1665,PAD2017,M,19.0,1.9
1666,PAD2017,F,22.0,2.7
1667,PAD2017,M,19.0,2.2
1668,PAD2017,F,19.0,1.8
1669,PAD2017,M,19.0,2.0
1670,PAD2017,M,18.0,1.5
1671,PAD2017,F,17.0,1.3
1672,PAD2017,F,17.0,1.2
1673,PAD2017,M,18.0,1.2
1674,PAD2017,F,18.0,1.4
1675,PAD2017,F,17.0,0.9
1676,PAD2017,F,17.0,1.3
1677,PAD2017,F,20.0,2.2
1678,PAD2017,M,25.0,4.1
1679,PAD2017,F,25.0,5.2
1680,PAD2017,F,16.0,0.9
1681,PAD2017,F,18.0,1.6
1682,PAD2017,M,18.0,0.9
1683,PAD2017,M,20.0,1.7
1684,PAD2017,M,17.0,1.3
1685,PAD2017,M,13.0,0.6
1686,PAD2017,M,17.0,1.3
1687,PAD2017,F,15.0,0.7
1688,PAD2017,F,15.0,0.9
1689,PAD2017,F,16.0,1.0
1690,PAD2017,M,14.0,0.8
1691,PAD2017,F,18.0,1.4
1692,PAD2017,F,16.0,0.9
1693,PAD2017,M,13.0,0.6
1694,PAD2017,M,13.0,0.7
1695,PAD2017,F,16.0,1.1
1696,PAD2017,M,34.0,10.1
1697,PAD2017,M,27.0,4.1
1698,PAD2017,F,33.0,9.9
1699,PAD2017,F,28.0,7.6
1700,PAD2017,M,28.0,6.8
1701,PAD2017,F,30.0,7.1
1702,PAD2017,F,24.0,4.1
1703,PAD2017,F,24.0,4.1
1704,PAD2017,F,27.0,6.0
1705,PAD2017,M,23.0,2.8
1706,PAD2017,F,22.0,3.2
1707,PAD2017,F,25.0,3.9
1708,PAD2017,M,23.0,2.8
1709,PAD2017,M,27.0,5.7
1710,PAD2017,F,28.0,5.6
1711,PAD2017,F,23.0,3.7
1712,PAD2017,M,24.0,3.6
1713,PAD2017,M,23.0,3.4
1714,PAD2017,F,29.0,7.1
1715,PAD2017,F,18.0,1.7
1716,PAD2017,F,16.0,1.2
1717,PAD2017,M,22.0,2.6
1718,PAD2017,F,29.0,6.3
1719,PAD2017,M,27.0,5.6
1720,PAD2017,F,28.0,6.3
1721,PAD2017,M,38.0,4.1
1722,PAD2017,F,18.0,1.2
1723,PAD2017,F,18.0,1.7
1724,PAD2017,F,22.0,3.0
1725,PAD2017,F,23.0,3.4
1726,PAD2017,M,24.0,3.7
1727,PAD2017,F,26.0,4.3
1728,PAD2017,F,17.0,1.3
1729,PAD2017,F,16.0,1.3
1730,PAD2017,F,25.0,3.7
1731,PAD2017,F,25.0,3.7
1732,PAD2017,F,22.0,3.2
1733,PAD2017,F,24.0,4.0
1734,PAD2017,M,21.0,2.4
1735,PAD2017,F,24.0,3.3
1736,PAD2017,F,19.0,1.9
1737,PAD2017,F,22.0,3.0
1738,PAD2017,M,20.0,2.1
1739,PAD2017,M,19.0,1.5
1740,PAD2017,M,17.0,1.4
1741,PAD2017,M,19.0,1.6
1742,PAD2017,M,15.0,0.8
1743,PAD2017,F,18.0,1.3
1744,PAD2017,M,19.0,1.8
1745,PAD2017,M,20.0,1.9
1746,PAD2017,M,18.0,2.1
1747,PAD2017,F,19.0,1.8
1748,PAD2017,F,16.0,1.1
1749,PAD2017,M,18.0,1.4
1750,PAD2017,M,15.0,0.9
1751,PAD2017,F,15.0,0.8
1752,PAD2017,F,16.0,1.0
1753,PAD2017,M,14.0,0.8
1754,PAD2017,F,18.0,1.5
1755,PAD2017,M,14.0,0.7
1756,PAD2017,F,15.0,0.7
1757,PAD2017,M,15.0,0.7
1758,PAD2017,F,15.0,0.7
1759,PAD2017,M,15.0,0.7
1760,PAD2017,F,15.0,0.7
1761,PAD2017,M,15.0,0.7
1762,PAD2017,F,15.0,0.7
1763,PAD2017,M,15.0,0.7
1764,PAD2017,F,15.0,0.7
1765,PAD2017,M,15.0,0.7
1766,PAD2017,F,15.0,0.7
1767,PAD2017,M,15.0,0.7
1768,PAD2017,F,15.0,0.7
1769,PAD2017,M,15.0,0.7
1770,PAD2017,F,15.0,0.7
1771,PAD2017,M,15.0,0.7
1772,PAD2017,F,15.0,0.7
1773,PAD2017,M,15.0,0.7
1774,PAD2017,F,15.0,0.7
1775,PAD2017,M,15.0,0.7
1776,PAD2017,F,15.0,0.7
1777,PAD2017,M,15.0,0.7
1778,PAD2017,F,15.0,0.7
1779,PAD2017,M,15.0,0.7
1780,PAD2017,F,15.0,0.7
1781,PAD2017,M,15.0,0.7
1782,PAD2017,F,15.0,0.7
1783,PAD2017,M,15.0,0.7
1784,PAD2017,M,50.0,38.0
1785,PAD2017,M,48.0,36.0
1786,PAD2017,M,56.0,32.0
1787,PAD2017,F,25.0,3.2
1788,PAD2017,F,27.0,5.4
1789,PAD2017,M,26.0,4.9
1790,PAD2017,F,32.0,10.0
1791,PAD2017,M,40.0,12.9
1792,PAD2017,M,21.0,2.2
1793,PAD2017,F,46.0,24.0
1794,PAD2017,M,44.0,29.0
1795,PAD2017,M,18.0,1.8
1796,PAD2017,F,18.0,2.0
1797,PAD2017,M,15.0,1.0
1798,PAD2017,F,36.0,12.0
1799,PAD2017,M,40.0,22.0
1800,PAD2017,F,38.0,14.0
1801,PAD2017,F,37.0,17.0
1802,PAD2017,F,37.0,14.0
1803,PAD2017,M,41.0,17.0
1804,PAD2017,F,39.0,16.0
1805,PAD2017,F,35.0,12.2
1806,PAD2017,F,39.0,19.0
1807,PAD2017,F,43.0,21.0
1808,PAD2017,M,32.0,7.0
1809,PAD2017,M,34.0,10.7
1810,PAD2017,M,35.0,14.1
1811,PAD2017,M,35.0,13.2
1812,PAD2017,M,33.0,8.1
1813,PAD2017,M,38.0,15.0
1814,PAD2017,F,30.0,7.4
1815,PAD2017,M,35.0,13.7
1816,PAD2017,F,28.0,7.1
1817,PAD2017,F,31.0,6.4
1818,PAD2017,M,27.0,8.3
1819,PAD2017,F,33.0,11.4
1820,PAD2017,F,30.0,7.7
1821,PAD2017,F,36.0,12.3
1822,PAD2017,M,32.0,9.3
1823,PAD2017,F,30.0,6.7
1824,PAD2017,F,30.0,11.1
1825,PAD2017,M,32.0,8.4
1826,PAD2017,M,31.0,7.2
1827,PAD2017,M,28.0,6.7
1828,PAD2017,M,29.0,5.8
1829,PAD2017,M,29.0,7.1
1830,PAD2017,F,36.0,10.5
1831,PAD2017,F,25.0,4.1
1832,PAD2017,M,31.0,8.5
1833,PAD2017,F,25.0,4.3
1834,PAD2017,M,31.0,12.6
1835,PAD2017,F,30.0,3.6
1836,PAD2017,M,28.0,3.8
1837,PAD2017,M,24.0,3.6
1838,PAD2017,M,26.0,3.5
1839,PAD2017,M,33.0,4.2
1840,PAD2017,F,26.0,3.0
1841,PAD2017,F,26.0,3.2
1842,PAD2017,F,24.0,1.8
1843,PAD2017,M,25.0,2.4
1844,PAD2017,M,26.0,2.6
1845,PAD2017,F,22.0,2.2
1846,PAD2017,F,24.0,2.7
1847,PAD2017,M,29.0,3.7
1848,PAD2017,M,26.0,2.3
1849,PAD2017,F,27.0,5.2
1850,PAD2017,F,28.0,5.7
1851,PAD2017,M,28.0,5.0
1852,PAD2017,M,19.0,2.4
1853,PAD2017,F,24.0,3.6
1854,PAD2017,M,20.0,1.7
1855,PAD2017,M,20.0,2.2
1856,PAD2017,F,20.0,2.2
1857,PAD2017,M,16.0,1.3
1858,PAD2017,F,18.0,1.8
1859,PAD2017,F,18.0,1.6
1860,PAD2017,F,21.0,2.4
1861,PAD2017,M,22.0,3.4
1862,PAD2017,F,23.0,3.0
1863,PAD2017,M,26.0,4.9
1864,PAD2017,F,29.0,7.1
1865,PAD2017,M,22.0,2.5
1866,PAD2017,M,28.0,6.0
1867,PAD2017,M,21.0,2.6
1868,PAD2017,F,21.0,3.2
1869,PAD2017,F,26.0,4.6
1870,PAD2017,F,24.0,3.3
1871,PAD2017,F,24.0,3.4
1872,PAD2017,M,24.0,3.3
1873,PAD2017,F,24.0,3.4
1874,PAD2017,M,26.0,3.8
1875,PAD2017,M,25.0,4.7
1876,PAD2017,M,22.0,2.6
1877,PAD2017,F,21.0,2.6
1878,PAD2017,M,25.0,5.4
1879,PAD2017,F,24.0,3.4
1880,PAD2017,M,24.0,4.0
1881,PAD2017,F,19.0,1.8
1882,PAD2017,F,19.0,2.2
1883,PAD2017,M,26.0,4.6
1884,PAD2017,F,24.0,3.5
1885,PAD2017,F,26.0,4.9
1886,PAD2017,M,23.0,3.2
1887,PAD2017,F,23.0,3.2
1888,PAD2017,F,22.0,3.1
1889,PAD2017,F,25.0,4.5
1890,PAD2017,M,24.0,5.5
1891,PAD2017,F,25.0,4.7
1892,PAD2017,F,23.0,3.3
1893,PAD2017,M,23.0,3.4
1894,PAD2017,M,24.0,3.4
1895,PAD2017,M,20.0,2.4
1896,PAD2017,M,23.0,3.8
1897,PAD2017,F,21.0,2.1
1898,PAD2017,F,24.0,4.4
1899,PAD2017,M,20.0,2.0
1900,PAD2017,M,20.0,2.4
1901,PAD2017,F,23.0,3.4
1902,PAD2017,M,19.0,1.7
1903,PAD2017,M,21.0,2.0
1904,PAD2017,F,20.0,2.0
1905,PAD2017,F,20.0,2.3
1906,PAD2017,F,18.0,1.8
1907,PAD2017,F,20.0,2.7
1908,PAD2017,M,20.0,2.1
1909,PAD2017,F,20.0,1.8
1910,PAD2017,F,20.0,1.6
1911,PAD2017,M,15.0,1.3
1912,PAD2017,F,18.0,1.8
1913,PAD2017,F,17.0,1.4
1914,PAD2017,M,20.0,2.0
1915,PAD2017,F,20.0,2.0
1916,PAD2017,M,18.0,1.7
1917,PAD2017,F,19.0,1.5
1918,PAD2017,F,18.0,1.0
1919,PAD2017,F,21.0,2.6
1920,PAD2017,F,15.0,1.5
1921,PAD2017,F,17.0,1.7
1922,PAD2017,M,14.0,1.2
1923,PAD2017,F,15.0,1.5
1924,PAD2017,F,17.0,1.2
1925,PAD2017,F,19.0,1.6
1926,PAD2017,F,13.0,1.1
1927,PAD2017,F,14.0,1.0
1928,PAD2017,M,14.0,1.4
1929,PAD2017,F,15.0,1.5
1930,PAD2017,M,14.0,1.5
1931,PAD2017,F,15.0,1.5
1932,PAD2017,M,15.0,1.5
1933,PAD2017,M,16.0,1.5
1934,PAD2017,F,16.0,1.5
1935,PAD2017,M,15.0,1.5
1936,PAD2017,M,15.0,1.5
1937,PAD2017,M,15.0,1.5
1938,PAD2017,M,16.0,1.5
1939,PAD2017,M,15.0,1.5
1940,PAD2017,F,15.0,1.5
1941,PAD2017,M,15.0,1.5
1942,PAD2017,F,15.0,1.5
1943,PAD2017,M,15.0,1.5
1944,PAD2017,F,15.0,1.5
1945,PAD2017,M,15.0,1.5
1946,PAD2017,F,15.0,1.5
1947,PAD2017,M,15.0,1.5
1948,PAD2017,F,15.0,1.5
1949,PAD2017,M,15.0,1.5
1950,PAD2017,F,15.0,1.5
1951,PAD2017,M,15.0,1.5
1952,PAD2017,F,15.0,1.5
1953,PAD2017,M,15.0,1.5
1954,PAD2017,F,15.0,1.5
1955,PAD2017,M,15.0,1.5
1956,PAD2017,F,15.0,1.5
1957,PAD2017,M,15.0,1.5
1958,PAD2017,F,15.0,1.5
1959,PAD2017,M,15.0,1.5
1960,PAD2017,F,15.0,1.5
1961,PAD2017,M,15.0,1.5
1962,PAD2017,F,15.0,1.5
1963,PAD2017,M,15.0,1.5
1964,PAD2017,F,15.0,1.5
1965,PAD2017,M,15.0,1.5
1966,PAD2017,F,15.0,1.5
1967,PAD2017,M,15.0,1.5
1968,PAD2017,F,15.0,1.5
1969,PAD2017,M,15.0,1.5
1970,PAD2017,F,15.0,1.5
1971,PAD2017,F,13.0,0.7
1972,PAD2017,F,13.0,1.4
1973,PAD2017,M,16.0,1.6
